ctx_tokens,prefill_tokens,prefill_tps,gen_tokens,gen_tps,gen_first_ms,gen_steady_tokens,gen_steady_tps,kvcache_bytes
2048,2048,157.39,128,13.66,650.170,127,14.56,52184460
4096,2048,152.09,128,16.19,624.851,127,17.44,80373132
6144,2048,143.34,128,15.06,606.115,127,16.10,108561804
8192,2048,145.74,128,15.21,635.798,127,16.33,136750476
10240,2048,142.14,128,14.96,629.763,127,16.03,164939148
12288,2048,142.46,128,14.52,647.684,127,15.55,193127820
14336,2048,138.19,128,15.67,626.603,127,16.85,221316492
16384,2048,141.06,128,15.99,601.417,127,17.16,249505164
18432,2048,140.79,128,16.08,586.253,127,17.23,277693836
20480,2048,142.43,128,15.42,647.495,127,16.60,305882508
22528,2048,140.56,128,16.12,587.717,127,17.28,334071180
24576,2048,140.81,128,16.08,634.609,127,17.35,362259852
26624,2048,142.76,128,14.43,634.387,127,15.43,390448524
28672,2048,143.08,128,15.42,604.896,127,16.51,418637196
30720,2048,142.05,128,15.13,646.861,127,16.27,446825868
32768,2048,138.82,128,15.36,594.487,127,16.42,475014540
34816,2048,129.55,128,14.95,606.421,127,15.97,503203212
36864,2048,132.87,128,14.42,579.114,127,15.32,531391884
38912,2048,139.84,128,15.27,597.621,127,16.31,559580556
40960,2048,136.60,128,14.45,592.030,127,15.37,587769228
43008,2048,134.26,128,14.56,616.287,127,15.54,615957900
45056,2048,130.23,128,13.12,605.568,127,13.89,644146572
47104,2048,118.31,128,14.82,594.004,127,15.80,672335244
49152,2048,99.59,128,13.81,603.413,127,14.66,700523916
51200,2048,111.11,128,13.12,607.143,127,13.89,728712588
53248,2048,119.63,128,13.34,618.140,127,14.15,756901260
55296,2048,134.36,128,13.90,617.267,127,14.79,785089932
57344,2048,133.41,128,14.06,629.908,127,14.99,813278604
59392,2048,133.62,128,14.66,590.839,127,15.61,841467276
61440,2048,122.76,128,14.68,596.426,127,15.64,869655948
63488,2048,106.83,128,14.17,604.336,127,15.07,897844620
65536,2048,123.10,128,14.59,675.696,127,15.69,0
